"ID","para1"
1,"Je vous écris aujourd'hui pour postuler au poste de caissier à Migros. Je suis très intéressé par cette opportunité et je pense que je serais un excellent candidat pour le rôle."
2,"Je suis très intéressé par le poste de caissier à Migros et je souhaite vous présenter ma candidature. Je sais que vous recherchez un collaborateur qui possède des qualités personnelles et professionnelles exceptionnelles et je pense être la bonne personne pour ce poste."
3,"Je vous écris pour postuler pour le poste de caissier à Migros. J'ai entendu parler des excellentes opportunités que votre organisation offre et je souhaite en faire partie. En ce qui me concerne, je suis une personne très motivée et dévouée qui adore travailler avec des gens."
4,"Je suis très intéressé par ce poste et je suis convaincu que je serais un excellent candidat pour le remplir. Je suis une personne très motivée et déterminée qui s'engage toujours à donner le meilleur de moi-même dans tout ce que j'entreprends."
5,"Je vous écris pour postuler pour le poste de caissier à Migros. J'ai entendu parler des excellentes opportunités que votre organisation offre et je souhaite en faire partie. En ce qui me concerne, je suis une personne très motivée et dévouée qui adore travailler avec des gens."
6,"Je suis très intéressé par le poste de caissier à Migros"
7,"Je suis intéressé du poste de caissier à Migros"
8,"Je suis très intéressé par le poste de caissier à Migros"
9,"Je suis très intéressé par le poste de caissier à Migros"
10,"Je suis très intéressé par ce poste de caissier à Migros"
11,"Je suis hautement intéressé par le poste de caissier à Migros"
12,"Je suis très intéressé par le poste de caissier à Migros"
13,"Je suis intéressé par le poste de caissier à Migros"
14,"Je suis très intéressé par le poste de caissier à Migros"
16,"Je suis très intéressé par le poste de caissier à Migros"
17,"Je suis à la recherche"
