"ID","Letters"
1,"Je vous écris aujourd'hui pour postuler au poste de caissier à Migros. Je suis très intéressé par cette opportunité et je pense que je serais un excellent candidat pour le rôle."
2,"Je suis très intéressé par le poste de caissier à Migros et je souhaite vous présenter ma candidature. Je sais que vous recherchez un collaborateur qui possède des qualités personnelles et professionnelles exceptionnelles et je pense être la bonne personne pour ce poste."
3,"Je vous écris pour postuler pour le poste de caissier à Migros. J'ai entendu parler des excellentes opportunités que votre organisation offre et je souhaite en faire partie. En ce qui me concerne, je suis une personne très motivée et dévouée qui adore travailler avec des gens."
4,"Je suis très intéressé par ce poste et je suis convaincu que je serais un excellent candidat pour le remplir. Je suis une personne très motivée et déterminée qui s'engage toujours à donner le meilleur de moi-même dans tout ce que j'entreprends."
5,"Je vous écris pour postuler pour le poste de caissier à Migros. J'ai entendu parler des excellentes opportunités que votre organisation offre et je souhaite en faire partie. En ce qui me concerne, je suis une personne très motivée et dévouée qui adore travailler avec des gens. Je suis sociable et j'aime interagir avec les clients, ce qui m'aide à comprendre leurs besoins et à fournir un service client exceptionnel."
6,"Je suis enthousiaste à l'idée de rejoindre l'équipe de nom de l'entreprise en tant que nom du poste."
7,"Mes années d'expérience en domaine me permettent de posséder les compétences nécessaires pour réussir dans le poste de nom du poste."
8,"Je suis passionné(e) par les domaines d'intérêt spécifique lié au poste et je suis convaincu(e) que je pourrai apporter une valeur ajoutée à l'entreprise en tant que nom du poste."
9,"En tant que diplôme/compétence, je suis qualifié(e) pour occuper le poste de nom du poste et je suis déterminé(e) à mettre mes connaissances et mon expérience au service de nom de l'entreprise."
10,"Mon parcours professionnel m'a permis de développer des compétences en compétences spécifiques liées au poste, et je suis convaincu(e) que je serais un(e) atout pour l'entreprise en tant que nom du poste."
11,"Je suis passionné(e) par le secteur de l'industrie et souhaite apporter mes compétences en compétence au sein de votre entreprise."
12,"Mon expérience en expérience me permet de comprendre les enjeux liés à votre secteur d'activité et de proposer des solutions innovantes."
13,"Mon parcours académique en formation m'a donné les outils nécessaires pour m'adapter rapidement aux nouveaux défis professionnels."
14,"Je suis motivé(e) à relever les défis que représente le poste de nom du poste et à contribuer au développement de votre entreprise."
15,"Je suis convaincu(e) que mon dynamisme et mon esprit d'équipe seront des atouts importants pour le poste de nom du poste au sein de votre entreprise."
16,"Je suis très intéressé par le poste de caissier à Migros et je souhaite vous présenter ma candidature. Je sais que vous recherchez un collaborateur qui possède des qualités personnelles et professionnelles exceptionnelles et je pense être la bonne personne pour ce poste."
17,"Je suis très intéressé par le poste de caissier à Migros et je souhaite vous présenter ma candidature. Je sais que vous recherchez un collaborateur qui possède des qualités personnelles et professionnelles exceptionnelles et je pense être la bonne personne pour ce poste."
18,"Je suis très intéressé par le poste de caissier à Migros et je souhaite vous présenter ma candidature. Je sais que vous recherchez un collaborateur qui possède des qualités personnelles et professionnelles exceptionnelles et je pense être la bonne personne pour ce poste."
19,"Je suis très intéressé par le poste de caissier à Migros et je souhaite vous présenter ma candidature. Je sais que vous recherchez un collaborateur qui possède des qualités personnelles et professionnelles exceptionnelles et je pense être la bonne personne pour ce poste."
20,"Je suis très intéressé par le poste de caissier à Migros et je souhaite vous présenter ma candidature. Je sais que vous recherchez un collaborateur qui possède des qualités personnelles et professionnelles exceptionnelles et je pense être la bonne personne pour ce poste."